<IndependentParameters>
	 <RealParameter name="F0" value="0.0016666666666666668"/>
	 <RealParameter name="c0" value="1000.0"/>
	 <RealParameter name="F" value="0.0016666666666666668"/>
	 <RealParameter name="T0" value="350.0"/>
	 <RealParameter name="r" value="0.219"/>
	 <RealParameter name="k0" value="1.2E9"/>
	 <RealParameter name="EdivR" value="8750.0"/>
	 <RealParameter name="U" value="915.6"/>
	 <RealParameter name="rho" value="1000.0"/>
	 <RealParameter name="Cp" value="239.0"/>
	 <RealParameter name="dH" value="-50000.0"/>
	 <RealParameter name="V" value="100.0"/>
	 <RealParameter name="c_init" value="1000.0"/>
	 <RealParameter name="T_init" value="350.0"/>
</IndependentParameters>
