<fmiExtendedModelDescription xmlns:exp="https://svn.jmodelica.org/trunk/XML/daeExpressions.xsd" xmlns:equ="https://svn.jmodelica.org/trunk/XML/daeEquations.xsd" xmlns:fun="https://svn.jmodelica.org/trunk/XML/daeFunctions.xsd" xmlns:opt="https://svn.jmodelica.org/trunk/XML/daeOptimization.xsd" xmlns:xsi="http://www.w3.org/2001/XMLSchema-instance" 
fmiVersion="1.0" modelName="CSTR.CSTR_Init" modelIdentifier="CSTR_CSTR_Init" guid="unsupported" generationDateAndTime="2010-10-24T00:24:43" variableNamingConvention="flat" numberOfContinuousStates="2" numberOfEventIndicators="0">
	<UnitDefinitions>
		<BaseUnit unit="K">
			<DisplayUnitDefinition displayUnit="degC" gain="1" offset="0"/>
		</BaseUnit>
	</UnitDefinitions>
	
	
	<VendorAnnotations>
		<Tool name="JModelica">
		</Tool>
	</VendorAnnotations>	
	<ModelVariables>
		<ScalarVariable name="F0" valueReference="0" description="Inflow" variability="parameter" causality="internal" alias="noAlias">
			<Real quantity="VolumeFlowRate" unit="m3/s" relativeQuantity="false" start="0.0" />
			<QualifiedName>
				<exp:QualifiedNamePart name="F0"/>
			</QualifiedName>
		</ScalarVariable>
		<ScalarVariable name="c0" valueReference="1" description="Concentration of inflow" variability="parameter" causality="internal" alias="noAlias">
			<Real quantity="Concentration" unit="mol/m3" relativeQuantity="false" start="0.0" />
			<QualifiedName>
				<exp:QualifiedNamePart name="c0"/>
			</QualifiedName>
		</ScalarVariable>
		<ScalarVariable name="Tc" valueReference="18" description="Cooling temperature" variability="continuous" causality="input" alias="noAlias">
			<Real relativeQuantity="false" start="0.0" />
			<QualifiedName>
				<exp:QualifiedNamePart name="Tc"/>
			</QualifiedName>
		</ScalarVariable>
		<ScalarVariable name="F" valueReference="2" description="Outflow" variability="parameter" causality="internal" alias="noAlias">
			<Real quantity="VolumeFlowRate" unit="m3/s" relativeQuantity="false" start="0.0" />
			<QualifiedName>
				<exp:QualifiedNamePart name="F"/>
			</QualifiedName>
		</ScalarVariable>
		<ScalarVariable name="T0" valueReference="3" variability="parameter" causality="internal" alias="noAlias">
			<Real quantity="ThermodynamicTemperature" unit="K" displayUnit="degC" relativeQuantity="false" min="0.0" start="0.0" />
			<QualifiedName>
				<exp:QualifiedNamePart name="T0"/>
			</QualifiedName>
		</ScalarVariable>
		<ScalarVariable name="r" valueReference="4" variability="parameter" causality="internal" alias="noAlias">
			<Real quantity="Length" unit="m" relativeQuantity="false" start="0.0" />
			<QualifiedName>
				<exp:QualifiedNamePart name="r"/>
			</QualifiedName>
		</ScalarVariable>
		<ScalarVariable name="k0" valueReference="5" variability="parameter" causality="internal" alias="noAlias">
			<Real relativeQuantity="false" start="0.0" />
			<QualifiedName>
				<exp:QualifiedNamePart name="k0"/>
			</QualifiedName>
		</ScalarVariable>
		<ScalarVariable name="EdivR" valueReference="6" variability="parameter" causality="internal" alias="noAlias">
			<Real relativeQuantity="false" start="0.0" />
			<QualifiedName>
				<exp:QualifiedNamePart name="EdivR"/>
			</QualifiedName>
		</ScalarVariable>
		<ScalarVariable name="U" valueReference="7" variability="parameter" causality="internal" alias="noAlias">
			<Real relativeQuantity="false" start="0.0" />
			<QualifiedName>
				<exp:QualifiedNamePart name="U"/>
			</QualifiedName>
		</ScalarVariable>
		<ScalarVariable name="rho" valueReference="8" variability="parameter" causality="internal" alias="noAlias">
			<Real relativeQuantity="false" start="0.0" />
			<QualifiedName>
				<exp:QualifiedNamePart name="rho"/>
			</QualifiedName>
		</ScalarVariable>
		<ScalarVariable name="Cp" valueReference="9" variability="parameter" causality="internal" alias="noAlias">
			<Real relativeQuantity="false" start="0.0" />
			<QualifiedName>
				<exp:QualifiedNamePart name="Cp"/>
			</QualifiedName>
		</ScalarVariable>
		<ScalarVariable name="dH" valueReference="10" variability="parameter" causality="internal" alias="noAlias">
			<Real relativeQuantity="false" start="0.0" />
			<QualifiedName>
				<exp:QualifiedNamePart name="dH"/>
			</QualifiedName>
		</ScalarVariable>
		<ScalarVariable name="V" valueReference="11" description="Reactor Volume" variability="parameter" causality="internal" alias="noAlias">
			<Real quantity="Volume" unit="m3" relativeQuantity="false" start="0.0" />
			<QualifiedName>
				<exp:QualifiedNamePart name="V"/>
			</QualifiedName>
		</ScalarVariable>
		<ScalarVariable name="c_init" valueReference="12" variability="parameter" causality="internal" alias="noAlias">
			<Real quantity="Concentration" unit="mol/m3" relativeQuantity="false" start="0.0" />
			<QualifiedName>
				<exp:QualifiedNamePart name="c_init"/>
			</QualifiedName>
		</ScalarVariable>
		<ScalarVariable name="T_init" valueReference="13" variability="parameter" causality="internal" alias="noAlias">
			<Real quantity="ThermodynamicTemperature" unit="K" displayUnit="degC" relativeQuantity="false" min="0.0" start="0.0" />
			<QualifiedName>
				<exp:QualifiedNamePart name="T_init"/>
			</QualifiedName>
		</ScalarVariable>
		<ScalarVariable name="c" valueReference="16" variability="continuous" causality="internal" alias="noAlias">
			<Real relativeQuantity="false" nominal="1000.0" start="1000.0" />
			<QualifiedName>
				<exp:QualifiedNamePart name="c"/>
			</QualifiedName>
		</ScalarVariable>
		<ScalarVariable name="T" valueReference="17" variability="continuous" causality="internal" alias="noAlias">
			<Real relativeQuantity="false" nominal="350.0" start="350.0" />
			<QualifiedName>
				<exp:QualifiedNamePart name="T"/>
			</QualifiedName>
		</ScalarVariable>
		<ScalarVariable name="der(c)" valueReference="14" variability="continuous" causality="internal" alias="noAlias">
			<Real relativeQuantity="false" nominal="1000.0" start="0.0" />
			<QualifiedName>
				<exp:QualifiedNamePart name="c"/>
			</QualifiedName>
		</ScalarVariable>
		<ScalarVariable name="der(T)" valueReference="15" variability="continuous" causality="internal" alias="noAlias">
			<Real relativeQuantity="false" nominal="350.0" start="0.0" />
			<QualifiedName>
				<exp:QualifiedNamePart name="T"/>
			</QualifiedName>
		</ScalarVariable>
	</ModelVariables>
	
	<equ:BindingEquations>
		<equ:BindingEquation>
			<equ:Parameter>				<exp:QualifiedNamePart name="F0"/>
</equ:Parameter>
			<equ:BindingExp>
				<exp:Div>
					<exp:Div>
						<exp:IntegerLiteral>100</exp:IntegerLiteral>
						<exp:IntegerLiteral>1000</exp:IntegerLiteral>
					</exp:Div>
					<exp:IntegerLiteral>60</exp:IntegerLiteral>
				</exp:Div>
			</equ:BindingExp>
		</equ:BindingEquation>
		<equ:BindingEquation>
			<equ:Parameter>				<exp:QualifiedNamePart name="c0"/>
</equ:Parameter>
			<equ:BindingExp>
				<exp:IntegerLiteral>1000</exp:IntegerLiteral>
			</equ:BindingExp>
		</equ:BindingEquation>
		<equ:BindingEquation>
			<equ:Parameter>				<exp:QualifiedNamePart name="F"/>
</equ:Parameter>
			<equ:BindingExp>
				<exp:Div>
					<exp:Div>
						<exp:IntegerLiteral>100</exp:IntegerLiteral>
						<exp:IntegerLiteral>1000</exp:IntegerLiteral>
					</exp:Div>
					<exp:IntegerLiteral>60</exp:IntegerLiteral>
				</exp:Div>
			</equ:BindingExp>
		</equ:BindingEquation>
		<equ:BindingEquation>
			<equ:Parameter>				<exp:QualifiedNamePart name="T0"/>
</equ:Parameter>
			<equ:BindingExp>
				<exp:IntegerLiteral>350</exp:IntegerLiteral>
			</equ:BindingExp>
		</equ:BindingEquation>
		<equ:BindingEquation>
			<equ:Parameter>				<exp:QualifiedNamePart name="r"/>
</equ:Parameter>
			<equ:BindingExp>
				<exp:RealLiteral>0.219</exp:RealLiteral>
			</equ:BindingExp>
		</equ:BindingEquation>
		<equ:BindingEquation>
			<equ:Parameter>				<exp:QualifiedNamePart name="k0"/>
</equ:Parameter>
			<equ:BindingExp>
				<exp:Div>
					<exp:RealLiteral>7.2e10</exp:RealLiteral>
					<exp:IntegerLiteral>60</exp:IntegerLiteral>
				</exp:Div>
			</equ:BindingExp>
		</equ:BindingEquation>
		<equ:BindingEquation>
			<equ:Parameter>				<exp:QualifiedNamePart name="EdivR"/>
</equ:Parameter>
			<equ:BindingExp>
				<exp:IntegerLiteral>8750</exp:IntegerLiteral>
			</equ:BindingExp>
		</equ:BindingEquation>
		<equ:BindingEquation>
			<equ:Parameter>				<exp:QualifiedNamePart name="U"/>
</equ:Parameter>
			<equ:BindingExp>
				<exp:RealLiteral>915.6</exp:RealLiteral>
			</equ:BindingExp>
		</equ:BindingEquation>
		<equ:BindingEquation>
			<equ:Parameter>				<exp:QualifiedNamePart name="rho"/>
</equ:Parameter>
			<equ:BindingExp>
				<exp:IntegerLiteral>1000</exp:IntegerLiteral>
			</equ:BindingExp>
		</equ:BindingEquation>
		<equ:BindingEquation>
			<equ:Parameter>				<exp:QualifiedNamePart name="Cp"/>
</equ:Parameter>
			<equ:BindingExp>
				<exp:Mul>
					<exp:RealLiteral>0.239</exp:RealLiteral>
					<exp:IntegerLiteral>1000</exp:IntegerLiteral>
				</exp:Mul>
			</equ:BindingExp>
		</equ:BindingEquation>
		<equ:BindingEquation>
			<equ:Parameter>				<exp:QualifiedNamePart name="dH"/>
</equ:Parameter>
			<equ:BindingExp>
				<exp:Neg>
					<exp:RealLiteral>5e4</exp:RealLiteral>
				</exp:Neg>
			</equ:BindingExp>
		</equ:BindingEquation>
		<equ:BindingEquation>
			<equ:Parameter>				<exp:QualifiedNamePart name="V"/>
</equ:Parameter>
			<equ:BindingExp>
				<exp:IntegerLiteral>100</exp:IntegerLiteral>
			</equ:BindingExp>
		</equ:BindingEquation>
		<equ:BindingEquation>
			<equ:Parameter>				<exp:QualifiedNamePart name="c_init"/>
</equ:Parameter>
			<equ:BindingExp>
				<exp:IntegerLiteral>1000</exp:IntegerLiteral>
			</equ:BindingExp>
		</equ:BindingEquation>
		<equ:BindingEquation>
			<equ:Parameter>				<exp:QualifiedNamePart name="T_init"/>
</equ:Parameter>
			<equ:BindingExp>
				<exp:IntegerLiteral>350</exp:IntegerLiteral>
			</equ:BindingExp>
		</equ:BindingEquation>
	</equ:BindingEquations>

	<equ:DynamicEquations>
		<equ:Equation>
			<exp:Sub>
				<exp:Der>
					<exp:Identifier>
							<exp:QualifiedNamePart name="c"/>
					</exp:Identifier>
				</exp:Der>
				<exp:Sub>
					<exp:Div>
						<exp:Mul>
								<exp:Identifier>
										<exp:QualifiedNamePart name="F0"/>
								</exp:Identifier>
							<exp:Sub>
									<exp:Identifier>
											<exp:QualifiedNamePart name="c0"/>
									</exp:Identifier>
									<exp:Identifier>
											<exp:QualifiedNamePart name="c"/>
									</exp:Identifier>
							</exp:Sub>
						</exp:Mul>
							<exp:Identifier>
									<exp:QualifiedNamePart name="V"/>
							</exp:Identifier>
					</exp:Div>
					<exp:Mul>
						<exp:Mul>
								<exp:Identifier>
										<exp:QualifiedNamePart name="k0"/>
								</exp:Identifier>
								<exp:Identifier>
										<exp:QualifiedNamePart name="c"/>
								</exp:Identifier>
						</exp:Mul>
						<exp:Exp>
							<exp:Div>
								<exp:Neg>
										<exp:Identifier>
												<exp:QualifiedNamePart name="EdivR"/>
										</exp:Identifier>
								</exp:Neg>
									<exp:Identifier>
											<exp:QualifiedNamePart name="T"/>
									</exp:Identifier>
							</exp:Div>
						</exp:Exp>
					</exp:Mul>
				</exp:Sub>
			</exp:Sub>
		</equ:Equation>
		<equ:Equation>
			<exp:Sub>
				<exp:Der>
					<exp:Identifier>
							<exp:QualifiedNamePart name="T"/>
					</exp:Identifier>
				</exp:Der>
				<exp:Add>
					<exp:Sub>
						<exp:Div>
							<exp:Mul>
									<exp:Identifier>
											<exp:QualifiedNamePart name="F0"/>
									</exp:Identifier>
								<exp:Sub>
										<exp:Identifier>
												<exp:QualifiedNamePart name="T0"/>
										</exp:Identifier>
										<exp:Identifier>
												<exp:QualifiedNamePart name="T"/>
										</exp:Identifier>
								</exp:Sub>
							</exp:Mul>
								<exp:Identifier>
										<exp:QualifiedNamePart name="V"/>
								</exp:Identifier>
						</exp:Div>
						<exp:Mul>
							<exp:Mul>
								<exp:Mul>
									<exp:Div>
											<exp:Identifier>
													<exp:QualifiedNamePart name="dH"/>
											</exp:Identifier>
										<exp:Mul>
												<exp:Identifier>
														<exp:QualifiedNamePart name="rho"/>
												</exp:Identifier>
												<exp:Identifier>
														<exp:QualifiedNamePart name="Cp"/>
												</exp:Identifier>
										</exp:Mul>
									</exp:Div>
										<exp:Identifier>
												<exp:QualifiedNamePart name="k0"/>
										</exp:Identifier>
								</exp:Mul>
									<exp:Identifier>
											<exp:QualifiedNamePart name="c"/>
									</exp:Identifier>
							</exp:Mul>
							<exp:Exp>
								<exp:Div>
									<exp:Neg>
											<exp:Identifier>
													<exp:QualifiedNamePart name="EdivR"/>
											</exp:Identifier>
									</exp:Neg>
										<exp:Identifier>
												<exp:QualifiedNamePart name="T"/>
										</exp:Identifier>
								</exp:Div>
							</exp:Exp>
						</exp:Mul>
					</exp:Sub>
					<exp:Mul>
						<exp:Div>
							<exp:Mul>
								<exp:IntegerLiteral>2</exp:IntegerLiteral>
									<exp:Identifier>
											<exp:QualifiedNamePart name="U"/>
									</exp:Identifier>
							</exp:Mul>
							<exp:Mul>
								<exp:Mul>
										<exp:Identifier>
												<exp:QualifiedNamePart name="r"/>
										</exp:Identifier>
										<exp:Identifier>
												<exp:QualifiedNamePart name="rho"/>
										</exp:Identifier>
								</exp:Mul>
									<exp:Identifier>
											<exp:QualifiedNamePart name="Cp"/>
									</exp:Identifier>
							</exp:Mul>
						</exp:Div>
						<exp:Sub>
								<exp:Identifier>
										<exp:QualifiedNamePart name="Tc"/>
								</exp:Identifier>
								<exp:Identifier>
										<exp:QualifiedNamePart name="T"/>
								</exp:Identifier>
						</exp:Sub>
					</exp:Mul>
				</exp:Add>
			</exp:Sub>
		</equ:Equation>
	</equ:DynamicEquations>

	<equ:InitialEquations>
		<equ:Equation>
			<exp:Sub>
				<exp:Der>
					<exp:Identifier>
							<exp:QualifiedNamePart name="c"/>
					</exp:Identifier>
				</exp:Der>
				<exp:IntegerLiteral>0</exp:IntegerLiteral>
			</exp:Sub>
		</equ:Equation>
		<equ:Equation>
			<exp:Sub>
				<exp:Der>
					<exp:Identifier>
							<exp:QualifiedNamePart name="T"/>
					</exp:Identifier>
				</exp:Der>
				<exp:IntegerLiteral>0</exp:IntegerLiteral>
			</exp:Sub>
		</equ:Equation>
	</equ:InitialEquations>

		
	<fun:FunctionsList>
	</fun:FunctionsList>

</fmiExtendedModelDescription>