<IndependentParameters>
	 <RealParameter name="c1" value="10.0"/>
	 <RealParameter name="c2" value="48.1909"/>
	 <RealParameter name="qf" value="100.0"/>
	 <RealParameter name="CAf" value="1.0"/>
	 <RealParameter name="Tf" value="350.0"/>
	 <RealParameter name="ko" value="7.2E10"/>
	 <RealParameter name="EoverR" value="10000.0"/>
	 <RealParameter name="rho" value="1000.0"/>
	 <RealParameter name="Cp" value="0.239"/>
	 <RealParameter name="dH" value="47800.0"/>
	 <RealParameter name="V1_0" value="200.0"/>
	 <RealParameter name="CA1_0" value="0.03"/>
	 <RealParameter name="T1_0" value="450.0"/>
	 <RealParameter name="V2_0" value="100.0"/>
	 <RealParameter name="CA2_0" value="0.0020"/>
	 <RealParameter name="T2_0" value="450.0"/>
</IndependentParameters>
