<fmiExtendedModelDescription xmlns:exp="https://svn.jmodelica.org/trunk/XML/daeExpressions.xsd" xmlns:equ="https://svn.jmodelica.org/trunk/XML/daeEquations.xsd" xmlns:fun="https://svn.jmodelica.org/trunk/XML/daeFunctions.xsd" xmlns:opt="https://svn.jmodelica.org/trunk/XML/daeOptimization.xsd" xmlns:xsi="http://www.w3.org/2001/XMLSchema-instance" 
fmiVersion="1.0" modelName="QuadTank_pack.QuadTank_Opt" modelIdentifier="QuadTank_pack_QuadTank_Opt" guid="unsupported" generationDateAndTime="2010-10-26T02:36:13" variableNamingConvention="flat" numberOfContinuousStates="5" numberOfEventIndicators="0">
	
	
	
	<VendorAnnotations>
		<Tool name="JModelica">
		</Tool>
	</VendorAnnotations>	
	<ModelVariables>
		<ScalarVariable name="x1_r" valueReference="0" variability="parameter" causality="internal" alias="noAlias">
			<Real quantity="Length" unit="m" relativeQuantity="false" start="0.0" />
			<QualifiedName>
				<exp:QualifiedNamePart name="x1_r"/>
			</QualifiedName>
		</ScalarVariable>
		<ScalarVariable name="x2_r" valueReference="1" variability="parameter" causality="internal" alias="noAlias">
			<Real quantity="Length" unit="m" relativeQuantity="false" start="0.0" />
			<QualifiedName>
				<exp:QualifiedNamePart name="x2_r"/>
			</QualifiedName>
		</ScalarVariable>
		<ScalarVariable name="x3_r" valueReference="2" variability="parameter" causality="internal" alias="noAlias">
			<Real quantity="Length" unit="m" relativeQuantity="false" start="0.0" />
			<QualifiedName>
				<exp:QualifiedNamePart name="x3_r"/>
			</QualifiedName>
		</ScalarVariable>
		<ScalarVariable name="x4_r" valueReference="3" variability="parameter" causality="internal" alias="noAlias">
			<Real quantity="Length" unit="m" relativeQuantity="false" start="0.0" />
			<QualifiedName>
				<exp:QualifiedNamePart name="x4_r"/>
			</QualifiedName>
		</ScalarVariable>
		<ScalarVariable name="u1_r" valueReference="4" variability="parameter" causality="internal" alias="noAlias">
			<Real quantity="ElectricPotential" unit="V" relativeQuantity="false" start="0.0" />
			<QualifiedName>
				<exp:QualifiedNamePart name="u1_r"/>
			</QualifiedName>
		</ScalarVariable>
		<ScalarVariable name="u2_r" valueReference="5" variability="parameter" causality="internal" alias="noAlias">
			<Real quantity="ElectricPotential" unit="V" relativeQuantity="false" start="0.0" />
			<QualifiedName>
				<exp:QualifiedNamePart name="u2_r"/>
			</QualifiedName>
		</ScalarVariable>
		<ScalarVariable name="cost" valueReference="30" variability="continuous" causality="internal" alias="noAlias">
			<Real relativeQuantity="false" start="0.0" />
			<QualifiedName>
				<exp:QualifiedNamePart name="cost"/>
			</QualifiedName>
		</ScalarVariable>
		<ScalarVariable name="A1" valueReference="6" variability="parameter" causality="internal" alias="noAlias">
			<Real quantity="Area" unit="m2" relativeQuantity="false" start="0.0" />
			<QualifiedName>
				<exp:QualifiedNamePart name="A1"/>
			</QualifiedName>
		</ScalarVariable>
		<ScalarVariable name="A2" valueReference="7" variability="parameter" causality="internal" alias="noAlias">
			<Real quantity="Area" unit="m2" relativeQuantity="false" start="0.0" />
			<QualifiedName>
				<exp:QualifiedNamePart name="A2"/>
			</QualifiedName>
		</ScalarVariable>
		<ScalarVariable name="A3" valueReference="8" variability="parameter" causality="internal" alias="noAlias">
			<Real quantity="Area" unit="m2" relativeQuantity="false" start="0.0" />
			<QualifiedName>
				<exp:QualifiedNamePart name="A3"/>
			</QualifiedName>
		</ScalarVariable>
		<ScalarVariable name="A4" valueReference="9" variability="parameter" causality="internal" alias="noAlias">
			<Real quantity="Area" unit="m2" relativeQuantity="false" start="0.0" />
			<QualifiedName>
				<exp:QualifiedNamePart name="A4"/>
			</QualifiedName>
		</ScalarVariable>
		<ScalarVariable name="a1" valueReference="10" variability="parameter" causality="internal" alias="noAlias">
			<Real quantity="Area" unit="m2" relativeQuantity="false" start="0.0" />
			<QualifiedName>
				<exp:QualifiedNamePart name="a1"/>
			</QualifiedName>
		</ScalarVariable>
		<ScalarVariable name="a2" valueReference="11" variability="parameter" causality="internal" alias="noAlias">
			<Real quantity="Area" unit="m2" relativeQuantity="false" start="0.0" />
			<QualifiedName>
				<exp:QualifiedNamePart name="a2"/>
			</QualifiedName>
		</ScalarVariable>
		<ScalarVariable name="a3" valueReference="12" variability="parameter" causality="internal" alias="noAlias">
			<Real quantity="Area" unit="m2" relativeQuantity="false" start="0.0" />
			<QualifiedName>
				<exp:QualifiedNamePart name="a3"/>
			</QualifiedName>
		</ScalarVariable>
		<ScalarVariable name="a4" valueReference="13" variability="parameter" causality="internal" alias="noAlias">
			<Real quantity="Area" unit="m2" relativeQuantity="false" start="0.0" />
			<QualifiedName>
				<exp:QualifiedNamePart name="a4"/>
			</QualifiedName>
		</ScalarVariable>
		<ScalarVariable name="g" valueReference="14" variability="parameter" causality="internal" alias="noAlias">
			<Real quantity="Acceleration" unit="m/s2" relativeQuantity="false" start="0.0" />
			<QualifiedName>
				<exp:QualifiedNamePart name="g"/>
			</QualifiedName>
		</ScalarVariable>
		<ScalarVariable name="k1_nmp" valueReference="15" variability="parameter" causality="internal" alias="noAlias">
			<Real unit="m/s/V" relativeQuantity="false" start="0.0" />
			<QualifiedName>
				<exp:QualifiedNamePart name="k1_nmp"/>
			</QualifiedName>
		</ScalarVariable>
		<ScalarVariable name="k2_nmp" valueReference="16" variability="parameter" causality="internal" alias="noAlias">
			<Real unit="m/s/V" relativeQuantity="false" start="0.0" />
			<QualifiedName>
				<exp:QualifiedNamePart name="k2_nmp"/>
			</QualifiedName>
		</ScalarVariable>
		<ScalarVariable name="g1_nmp" valueReference="17" variability="parameter" causality="internal" alias="noAlias">
			<Real relativeQuantity="false" start="0.0" />
			<QualifiedName>
				<exp:QualifiedNamePart name="g1_nmp"/>
			</QualifiedName>
		</ScalarVariable>
		<ScalarVariable name="g2_nmp" valueReference="18" variability="parameter" causality="internal" alias="noAlias">
			<Real relativeQuantity="false" start="0.0" />
			<QualifiedName>
				<exp:QualifiedNamePart name="g2_nmp"/>
			</QualifiedName>
		</ScalarVariable>
		<ScalarVariable name="x1_0" valueReference="19" variability="parameter" causality="internal" alias="noAlias">
			<Real quantity="Length" unit="m" relativeQuantity="false" start="0.0" />
			<QualifiedName>
				<exp:QualifiedNamePart name="x1_0"/>
			</QualifiedName>
		</ScalarVariable>
		<ScalarVariable name="x2_0" valueReference="20" variability="parameter" causality="internal" alias="noAlias">
			<Real quantity="Length" unit="m" relativeQuantity="false" start="0.0" />
			<QualifiedName>
				<exp:QualifiedNamePart name="x2_0"/>
			</QualifiedName>
		</ScalarVariable>
		<ScalarVariable name="x3_0" valueReference="21" variability="parameter" causality="internal" alias="noAlias">
			<Real quantity="Length" unit="m" relativeQuantity="false" start="0.0" />
			<QualifiedName>
				<exp:QualifiedNamePart name="x3_0"/>
			</QualifiedName>
		</ScalarVariable>
		<ScalarVariable name="x4_0" valueReference="22" variability="parameter" causality="internal" alias="noAlias">
			<Real quantity="Length" unit="m" relativeQuantity="false" start="0.0" />
			<QualifiedName>
				<exp:QualifiedNamePart name="x4_0"/>
			</QualifiedName>
		</ScalarVariable>
		<ScalarVariable name="x1" valueReference="31" variability="continuous" causality="internal" alias="noAlias">
			<Real quantity="Length" unit="m" relativeQuantity="false" min="1.0E-4" start="0.04102638" />
			<QualifiedName>
				<exp:QualifiedNamePart name="x1"/>
			</QualifiedName>
		</ScalarVariable>
		<ScalarVariable name="x2" valueReference="32" variability="continuous" causality="internal" alias="noAlias">
			<Real quantity="Length" unit="m" relativeQuantity="false" min="1.0E-4" start="0.06607553" />
			<QualifiedName>
				<exp:QualifiedNamePart name="x2"/>
			</QualifiedName>
		</ScalarVariable>
		<ScalarVariable name="x3" valueReference="33" variability="continuous" causality="internal" alias="noAlias">
			<Real quantity="Length" unit="m" relativeQuantity="false" min="1.0E-4" start="0.00393984" />
			<QualifiedName>
				<exp:QualifiedNamePart name="x3"/>
			</QualifiedName>
		</ScalarVariable>
		<ScalarVariable name="x4" valueReference="34" variability="continuous" causality="internal" alias="noAlias">
			<Real quantity="Length" unit="m" relativeQuantity="false" min="1.0E-4" start="0.00556818" />
			<QualifiedName>
				<exp:QualifiedNamePart name="x4"/>
			</QualifiedName>
		</ScalarVariable>
		<ScalarVariable name="u1" valueReference="35" variability="continuous" causality="input" alias="noAlias">
			<Real quantity="ElectricPotential" unit="V" relativeQuantity="false" start="0.0" />
			<QualifiedName>
				<exp:QualifiedNamePart name="u1"/>
			</QualifiedName>
		</ScalarVariable>
		<ScalarVariable name="u2" valueReference="36" variability="continuous" causality="input" alias="noAlias">
			<Real quantity="ElectricPotential" unit="V" relativeQuantity="false" start="0.0" />
			<QualifiedName>
				<exp:QualifiedNamePart name="u2"/>
			</QualifiedName>
		</ScalarVariable>
		<ScalarVariable name="startTime" valueReference="23" variability="parameter" causality="internal" alias="noAlias">
			<Real relativeQuantity="false" start="0.0" />
			<QualifiedName>
				<exp:QualifiedNamePart name="startTime"/>
			</QualifiedName>
		</ScalarVariable>
		<ScalarVariable name="finalTime" valueReference="24" variability="parameter" causality="internal" alias="noAlias">
			<Real relativeQuantity="false" start="0.0" />
			<QualifiedName>
				<exp:QualifiedNamePart name="finalTime"/>
			</QualifiedName>
		</ScalarVariable>
		<ScalarVariable name="der(cost)" valueReference="25" variability="continuous" causality="internal" alias="noAlias">
			<Real relativeQuantity="false" start="0.0" />
			<QualifiedName>
				<exp:QualifiedNamePart name="cost"/>
			</QualifiedName>
		</ScalarVariable>
		<ScalarVariable name="der(x1)" valueReference="26" variability="continuous" causality="internal" alias="noAlias">
			<Real relativeQuantity="false" start="0.0" />
			<QualifiedName>
				<exp:QualifiedNamePart name="x1"/>
			</QualifiedName>
		</ScalarVariable>
		<ScalarVariable name="der(x2)" valueReference="27" variability="continuous" causality="internal" alias="noAlias">
			<Real relativeQuantity="false" start="0.0" />
			<QualifiedName>
				<exp:QualifiedNamePart name="x2"/>
			</QualifiedName>
		</ScalarVariable>
		<ScalarVariable name="der(x3)" valueReference="28" variability="continuous" causality="internal" alias="noAlias">
			<Real relativeQuantity="false" start="0.0" />
			<QualifiedName>
				<exp:QualifiedNamePart name="x3"/>
			</QualifiedName>
		</ScalarVariable>
		<ScalarVariable name="der(x4)" valueReference="29" variability="continuous" causality="internal" alias="noAlias">
			<Real relativeQuantity="false" start="0.0" />
			<QualifiedName>
				<exp:QualifiedNamePart name="x4"/>
			</QualifiedName>
		</ScalarVariable>
	</ModelVariables>
	
	<equ:BindingEquations>
		<equ:BindingEquation>
			<equ:Parameter>				<exp:QualifiedNamePart name="x1_r"/>
</equ:Parameter>
			<equ:BindingExp>
				<exp:RealLiteral>0.06410371</exp:RealLiteral>
			</equ:BindingExp>
		</equ:BindingEquation>
		<equ:BindingEquation>
			<equ:Parameter>				<exp:QualifiedNamePart name="x2_r"/>
</equ:Parameter>
			<equ:BindingExp>
				<exp:RealLiteral>0.10324302</exp:RealLiteral>
			</equ:BindingExp>
		</equ:BindingEquation>
		<equ:BindingEquation>
			<equ:Parameter>				<exp:QualifiedNamePart name="x3_r"/>
</equ:Parameter>
			<equ:BindingExp>
				<exp:RealLiteral>0.006156</exp:RealLiteral>
			</equ:BindingExp>
		</equ:BindingEquation>
		<equ:BindingEquation>
			<equ:Parameter>				<exp:QualifiedNamePart name="x4_r"/>
</equ:Parameter>
			<equ:BindingExp>
				<exp:RealLiteral>0.00870028</exp:RealLiteral>
			</equ:BindingExp>
		</equ:BindingEquation>
		<equ:BindingEquation>
			<equ:Parameter>				<exp:QualifiedNamePart name="u1_r"/>
</equ:Parameter>
			<equ:BindingExp>
				<exp:RealLiteral>2.5</exp:RealLiteral>
			</equ:BindingExp>
		</equ:BindingEquation>
		<equ:BindingEquation>
			<equ:Parameter>				<exp:QualifiedNamePart name="u2_r"/>
</equ:Parameter>
			<equ:BindingExp>
				<exp:RealLiteral>2.5</exp:RealLiteral>
			</equ:BindingExp>
		</equ:BindingEquation>
		<equ:BindingEquation>
			<equ:Parameter>				<exp:QualifiedNamePart name="A1"/>
</equ:Parameter>
			<equ:BindingExp>
				<exp:RealLiteral>2.8e-3</exp:RealLiteral>
			</equ:BindingExp>
		</equ:BindingEquation>
		<equ:BindingEquation>
			<equ:Parameter>				<exp:QualifiedNamePart name="A2"/>
</equ:Parameter>
			<equ:BindingExp>
				<exp:RealLiteral>3.2e-3</exp:RealLiteral>
			</equ:BindingExp>
		</equ:BindingEquation>
		<equ:BindingEquation>
			<equ:Parameter>				<exp:QualifiedNamePart name="A3"/>
</equ:Parameter>
			<equ:BindingExp>
				<exp:RealLiteral>2.8e-3</exp:RealLiteral>
			</equ:BindingExp>
		</equ:BindingEquation>
		<equ:BindingEquation>
			<equ:Parameter>				<exp:QualifiedNamePart name="A4"/>
</equ:Parameter>
			<equ:BindingExp>
				<exp:RealLiteral>3.2e-3</exp:RealLiteral>
			</equ:BindingExp>
		</equ:BindingEquation>
		<equ:BindingEquation>
			<equ:Parameter>				<exp:QualifiedNamePart name="a1"/>
</equ:Parameter>
			<equ:BindingExp>
				<exp:RealLiteral>7.1e-6</exp:RealLiteral>
			</equ:BindingExp>
		</equ:BindingEquation>
		<equ:BindingEquation>
			<equ:Parameter>				<exp:QualifiedNamePart name="a2"/>
</equ:Parameter>
			<equ:BindingExp>
				<exp:RealLiteral>5.7e-6</exp:RealLiteral>
			</equ:BindingExp>
		</equ:BindingEquation>
		<equ:BindingEquation>
			<equ:Parameter>				<exp:QualifiedNamePart name="a3"/>
</equ:Parameter>
			<equ:BindingExp>
				<exp:RealLiteral>7.1e-6</exp:RealLiteral>
			</equ:BindingExp>
		</equ:BindingEquation>
		<equ:BindingEquation>
			<equ:Parameter>				<exp:QualifiedNamePart name="a4"/>
</equ:Parameter>
			<equ:BindingExp>
				<exp:RealLiteral>5.7e-6</exp:RealLiteral>
			</equ:BindingExp>
		</equ:BindingEquation>
		<equ:BindingEquation>
			<equ:Parameter>				<exp:QualifiedNamePart name="g"/>
</equ:Parameter>
			<equ:BindingExp>
				<exp:RealLiteral>9.81</exp:RealLiteral>
			</equ:BindingExp>
		</equ:BindingEquation>
		<equ:BindingEquation>
			<equ:Parameter>				<exp:QualifiedNamePart name="k1_nmp"/>
</equ:Parameter>
			<equ:BindingExp>
				<exp:RealLiteral>3.14e-6</exp:RealLiteral>
			</equ:BindingExp>
		</equ:BindingEquation>
		<equ:BindingEquation>
			<equ:Parameter>				<exp:QualifiedNamePart name="k2_nmp"/>
</equ:Parameter>
			<equ:BindingExp>
				<exp:RealLiteral>3.29e-6</exp:RealLiteral>
			</equ:BindingExp>
		</equ:BindingEquation>
		<equ:BindingEquation>
			<equ:Parameter>				<exp:QualifiedNamePart name="g1_nmp"/>
</equ:Parameter>
			<equ:BindingExp>
				<exp:RealLiteral>0.70</exp:RealLiteral>
			</equ:BindingExp>
		</equ:BindingEquation>
		<equ:BindingEquation>
			<equ:Parameter>				<exp:QualifiedNamePart name="g2_nmp"/>
</equ:Parameter>
			<equ:BindingExp>
				<exp:RealLiteral>0.70</exp:RealLiteral>
			</equ:BindingExp>
		</equ:BindingEquation>
		<equ:BindingEquation>
			<equ:Parameter>				<exp:QualifiedNamePart name="x1_0"/>
</equ:Parameter>
			<equ:BindingExp>
				<exp:RealLiteral>0.04102638</exp:RealLiteral>
			</equ:BindingExp>
		</equ:BindingEquation>
		<equ:BindingEquation>
			<equ:Parameter>				<exp:QualifiedNamePart name="x2_0"/>
</equ:Parameter>
			<equ:BindingExp>
				<exp:RealLiteral>0.06607553</exp:RealLiteral>
			</equ:BindingExp>
		</equ:BindingEquation>
		<equ:BindingEquation>
			<equ:Parameter>				<exp:QualifiedNamePart name="x3_0"/>
</equ:Parameter>
			<equ:BindingExp>
				<exp:RealLiteral>0.00393984</exp:RealLiteral>
			</equ:BindingExp>
		</equ:BindingEquation>
		<equ:BindingEquation>
			<equ:Parameter>				<exp:QualifiedNamePart name="x4_0"/>
</equ:Parameter>
			<equ:BindingExp>
				<exp:RealLiteral>0.00556818</exp:RealLiteral>
			</equ:BindingExp>
		</equ:BindingEquation>
		<equ:BindingEquation>
			<equ:Parameter>				<exp:QualifiedNamePart name="startTime"/>
</equ:Parameter>
			<equ:BindingExp>
				<exp:IntegerLiteral>0</exp:IntegerLiteral>
			</equ:BindingExp>
		</equ:BindingEquation>
		<equ:BindingEquation>
			<equ:Parameter>				<exp:QualifiedNamePart name="finalTime"/>
</equ:Parameter>
			<equ:BindingExp>
				<exp:IntegerLiteral>50</exp:IntegerLiteral>
			</equ:BindingExp>
		</equ:BindingEquation>
	</equ:BindingEquations>

	<equ:DynamicEquations>
		<equ:Equation>
			<exp:Sub>
				<exp:Der>
					<exp:Identifier>
							<exp:QualifiedNamePart name="cost"/>
					</exp:Identifier>
				</exp:Der>
				<exp:Add>
					<exp:Add>
						<exp:Add>
							<exp:Add>
								<exp:Add>
									<exp:Mul>
										<exp:IntegerLiteral>40000</exp:IntegerLiteral>
										<exp:Pow>
											<exp:Sub>
													<exp:Identifier>
															<exp:QualifiedNamePart name="x1_r"/>
													</exp:Identifier>
													<exp:Identifier>
															<exp:QualifiedNamePart name="x1"/>
													</exp:Identifier>
											</exp:Sub>
											<exp:IntegerLiteral>2</exp:IntegerLiteral>
										</exp:Pow>
									</exp:Mul>
									<exp:Mul>
										<exp:IntegerLiteral>40000</exp:IntegerLiteral>
										<exp:Pow>
											<exp:Sub>
													<exp:Identifier>
															<exp:QualifiedNamePart name="x2_r"/>
													</exp:Identifier>
													<exp:Identifier>
															<exp:QualifiedNamePart name="x2"/>
													</exp:Identifier>
											</exp:Sub>
											<exp:IntegerLiteral>2</exp:IntegerLiteral>
										</exp:Pow>
									</exp:Mul>
								</exp:Add>
								<exp:Mul>
									<exp:IntegerLiteral>40000</exp:IntegerLiteral>
									<exp:Pow>
										<exp:Sub>
												<exp:Identifier>
														<exp:QualifiedNamePart name="x3_r"/>
												</exp:Identifier>
												<exp:Identifier>
														<exp:QualifiedNamePart name="x3"/>
												</exp:Identifier>
										</exp:Sub>
										<exp:IntegerLiteral>2</exp:IntegerLiteral>
									</exp:Pow>
								</exp:Mul>
							</exp:Add>
							<exp:Mul>
								<exp:IntegerLiteral>40000</exp:IntegerLiteral>
								<exp:Pow>
									<exp:Sub>
											<exp:Identifier>
													<exp:QualifiedNamePart name="x4_r"/>
											</exp:Identifier>
											<exp:Identifier>
													<exp:QualifiedNamePart name="x4"/>
											</exp:Identifier>
									</exp:Sub>
									<exp:IntegerLiteral>2</exp:IntegerLiteral>
								</exp:Pow>
							</exp:Mul>
						</exp:Add>
						<exp:Pow>
							<exp:Sub>
									<exp:Identifier>
											<exp:QualifiedNamePart name="u1_r"/>
									</exp:Identifier>
									<exp:Identifier>
											<exp:QualifiedNamePart name="u1"/>
									</exp:Identifier>
							</exp:Sub>
							<exp:IntegerLiteral>2</exp:IntegerLiteral>
						</exp:Pow>
					</exp:Add>
					<exp:Pow>
						<exp:Sub>
								<exp:Identifier>
										<exp:QualifiedNamePart name="u2_r"/>
								</exp:Identifier>
								<exp:Identifier>
										<exp:QualifiedNamePart name="u2"/>
								</exp:Identifier>
						</exp:Sub>
						<exp:IntegerLiteral>2</exp:IntegerLiteral>
					</exp:Pow>
				</exp:Add>
			</exp:Sub>
		</equ:Equation>
		<equ:Equation>
			<exp:Sub>
				<exp:Der>
					<exp:Identifier>
							<exp:QualifiedNamePart name="x1"/>
					</exp:Identifier>
				</exp:Der>
				<exp:Add>
					<exp:Add>
						<exp:Mul>
							<exp:Div>
								<exp:Neg>
										<exp:Identifier>
												<exp:QualifiedNamePart name="a1"/>
										</exp:Identifier>
								</exp:Neg>
									<exp:Identifier>
											<exp:QualifiedNamePart name="A1"/>
									</exp:Identifier>
							</exp:Div>
							<exp:Sqrt>
								<exp:Mul>
									<exp:Mul>
										<exp:IntegerLiteral>2</exp:IntegerLiteral>
											<exp:Identifier>
													<exp:QualifiedNamePart name="g"/>
											</exp:Identifier>
									</exp:Mul>
										<exp:Identifier>
												<exp:QualifiedNamePart name="x1"/>
										</exp:Identifier>
								</exp:Mul>
							</exp:Sqrt>
						</exp:Mul>
						<exp:Mul>
							<exp:Div>
									<exp:Identifier>
											<exp:QualifiedNamePart name="a3"/>
									</exp:Identifier>
									<exp:Identifier>
											<exp:QualifiedNamePart name="A1"/>
									</exp:Identifier>
							</exp:Div>
							<exp:Sqrt>
								<exp:Mul>
									<exp:Mul>
										<exp:IntegerLiteral>2</exp:IntegerLiteral>
											<exp:Identifier>
													<exp:QualifiedNamePart name="g"/>
											</exp:Identifier>
									</exp:Mul>
										<exp:Identifier>
												<exp:QualifiedNamePart name="x3"/>
										</exp:Identifier>
								</exp:Mul>
							</exp:Sqrt>
						</exp:Mul>
					</exp:Add>
					<exp:Mul>
						<exp:Div>
							<exp:Mul>
									<exp:Identifier>
											<exp:QualifiedNamePart name="g1_nmp"/>
									</exp:Identifier>
									<exp:Identifier>
											<exp:QualifiedNamePart name="k1_nmp"/>
									</exp:Identifier>
							</exp:Mul>
								<exp:Identifier>
										<exp:QualifiedNamePart name="A1"/>
								</exp:Identifier>
						</exp:Div>
							<exp:Identifier>
									<exp:QualifiedNamePart name="u1"/>
							</exp:Identifier>
					</exp:Mul>
				</exp:Add>
			</exp:Sub>
		</equ:Equation>
		<equ:Equation>
			<exp:Sub>
				<exp:Der>
					<exp:Identifier>
							<exp:QualifiedNamePart name="x2"/>
					</exp:Identifier>
				</exp:Der>
				<exp:Add>
					<exp:Add>
						<exp:Mul>
							<exp:Div>
								<exp:Neg>
										<exp:Identifier>
												<exp:QualifiedNamePart name="a2"/>
										</exp:Identifier>
								</exp:Neg>
									<exp:Identifier>
											<exp:QualifiedNamePart name="A2"/>
									</exp:Identifier>
							</exp:Div>
							<exp:Sqrt>
								<exp:Mul>
									<exp:Mul>
										<exp:IntegerLiteral>2</exp:IntegerLiteral>
											<exp:Identifier>
													<exp:QualifiedNamePart name="g"/>
											</exp:Identifier>
									</exp:Mul>
										<exp:Identifier>
												<exp:QualifiedNamePart name="x2"/>
										</exp:Identifier>
								</exp:Mul>
							</exp:Sqrt>
						</exp:Mul>
						<exp:Mul>
							<exp:Div>
									<exp:Identifier>
											<exp:QualifiedNamePart name="a4"/>
									</exp:Identifier>
									<exp:Identifier>
											<exp:QualifiedNamePart name="A2"/>
									</exp:Identifier>
							</exp:Div>
							<exp:Sqrt>
								<exp:Mul>
									<exp:Mul>
										<exp:IntegerLiteral>2</exp:IntegerLiteral>
											<exp:Identifier>
													<exp:QualifiedNamePart name="g"/>
											</exp:Identifier>
									</exp:Mul>
										<exp:Identifier>
												<exp:QualifiedNamePart name="x4"/>
										</exp:Identifier>
								</exp:Mul>
							</exp:Sqrt>
						</exp:Mul>
					</exp:Add>
					<exp:Mul>
						<exp:Div>
							<exp:Mul>
									<exp:Identifier>
											<exp:QualifiedNamePart name="g2_nmp"/>
									</exp:Identifier>
									<exp:Identifier>
											<exp:QualifiedNamePart name="k2_nmp"/>
									</exp:Identifier>
							</exp:Mul>
								<exp:Identifier>
										<exp:QualifiedNamePart name="A2"/>
								</exp:Identifier>
						</exp:Div>
							<exp:Identifier>
									<exp:QualifiedNamePart name="u2"/>
							</exp:Identifier>
					</exp:Mul>
				</exp:Add>
			</exp:Sub>
		</equ:Equation>
		<equ:Equation>
			<exp:Sub>
				<exp:Der>
					<exp:Identifier>
							<exp:QualifiedNamePart name="x3"/>
					</exp:Identifier>
				</exp:Der>
				<exp:Add>
					<exp:Mul>
						<exp:Div>
							<exp:Neg>
									<exp:Identifier>
											<exp:QualifiedNamePart name="a3"/>
									</exp:Identifier>
							</exp:Neg>
								<exp:Identifier>
										<exp:QualifiedNamePart name="A3"/>
								</exp:Identifier>
						</exp:Div>
						<exp:Sqrt>
							<exp:Mul>
								<exp:Mul>
									<exp:IntegerLiteral>2</exp:IntegerLiteral>
										<exp:Identifier>
												<exp:QualifiedNamePart name="g"/>
										</exp:Identifier>
								</exp:Mul>
									<exp:Identifier>
											<exp:QualifiedNamePart name="x3"/>
									</exp:Identifier>
							</exp:Mul>
						</exp:Sqrt>
					</exp:Mul>
					<exp:Mul>
						<exp:Div>
							<exp:Mul>
								<exp:Sub>
									<exp:IntegerLiteral>1</exp:IntegerLiteral>
										<exp:Identifier>
												<exp:QualifiedNamePart name="g2_nmp"/>
										</exp:Identifier>
								</exp:Sub>
									<exp:Identifier>
											<exp:QualifiedNamePart name="k2_nmp"/>
									</exp:Identifier>
							</exp:Mul>
								<exp:Identifier>
										<exp:QualifiedNamePart name="A3"/>
								</exp:Identifier>
						</exp:Div>
							<exp:Identifier>
									<exp:QualifiedNamePart name="u2"/>
							</exp:Identifier>
					</exp:Mul>
				</exp:Add>
			</exp:Sub>
		</equ:Equation>
		<equ:Equation>
			<exp:Sub>
				<exp:Der>
					<exp:Identifier>
							<exp:QualifiedNamePart name="x4"/>
					</exp:Identifier>
				</exp:Der>
				<exp:Add>
					<exp:Mul>
						<exp:Div>
							<exp:Neg>
									<exp:Identifier>
											<exp:QualifiedNamePart name="a4"/>
									</exp:Identifier>
							</exp:Neg>
								<exp:Identifier>
										<exp:QualifiedNamePart name="A4"/>
								</exp:Identifier>
						</exp:Div>
						<exp:Sqrt>
							<exp:Mul>
								<exp:Mul>
									<exp:IntegerLiteral>2</exp:IntegerLiteral>
										<exp:Identifier>
												<exp:QualifiedNamePart name="g"/>
										</exp:Identifier>
								</exp:Mul>
									<exp:Identifier>
											<exp:QualifiedNamePart name="x4"/>
									</exp:Identifier>
							</exp:Mul>
						</exp:Sqrt>
					</exp:Mul>
					<exp:Mul>
						<exp:Div>
							<exp:Mul>
								<exp:Sub>
									<exp:IntegerLiteral>1</exp:IntegerLiteral>
										<exp:Identifier>
												<exp:QualifiedNamePart name="g1_nmp"/>
										</exp:Identifier>
								</exp:Sub>
									<exp:Identifier>
											<exp:QualifiedNamePart name="k1_nmp"/>
									</exp:Identifier>
							</exp:Mul>
								<exp:Identifier>
										<exp:QualifiedNamePart name="A4"/>
								</exp:Identifier>
						</exp:Div>
							<exp:Identifier>
									<exp:QualifiedNamePart name="u1"/>
							</exp:Identifier>
					</exp:Mul>
				</exp:Add>
			</exp:Sub>
		</equ:Equation>
	</equ:DynamicEquations>

	<equ:InitialEquations>
		<equ:Equation>
			<exp:Sub>
					<exp:Identifier>
							<exp:QualifiedNamePart name="cost"/>
					</exp:Identifier>
				<exp:IntegerLiteral>0</exp:IntegerLiteral>
			</exp:Sub>
		</equ:Equation>
		<equ:Equation>
			<exp:Sub>
					<exp:Identifier>
							<exp:QualifiedNamePart name="x1"/>
					</exp:Identifier>
					<exp:Identifier>
							<exp:QualifiedNamePart name="x1_0"/>
					</exp:Identifier>
			</exp:Sub>
		</equ:Equation>
		<equ:Equation>
			<exp:Sub>
					<exp:Identifier>
							<exp:QualifiedNamePart name="x2"/>
					</exp:Identifier>
					<exp:Identifier>
							<exp:QualifiedNamePart name="x2_0"/>
					</exp:Identifier>
			</exp:Sub>
		</equ:Equation>
		<equ:Equation>
			<exp:Sub>
					<exp:Identifier>
							<exp:QualifiedNamePart name="x3"/>
					</exp:Identifier>
					<exp:Identifier>
							<exp:QualifiedNamePart name="x3_0"/>
					</exp:Identifier>
			</exp:Sub>
		</equ:Equation>
		<equ:Equation>
			<exp:Sub>
					<exp:Identifier>
							<exp:QualifiedNamePart name="x4"/>
					</exp:Identifier>
					<exp:Identifier>
							<exp:QualifiedNamePart name="x4_0"/>
					</exp:Identifier>
			</exp:Sub>
		</equ:Equation>
	</equ:InitialEquations>

	<opt:Optimization static="false" >
		<opt:ObjectiveFunction>
			<exp:TimedVariable>
				<exp:Identifier>
						<exp:QualifiedNamePart name="cost"/>
				</exp:Identifier>
				<exp:Instant>50.0</exp:Instant>
			</exp:TimedVariable>
		</opt:ObjectiveFunction>
		<opt:IntegrandObjectiveFunction>
			<exp:StringLiteral>No integrand objective function</exp:StringLiteral>
		</opt:IntegrandObjectiveFunction>
		<opt:IntervalStartTime>
			<opt:Value>0.0</opt:Value>
			<opt:Free>false</opt:Free>
			<opt:InitialGuess>0.0</opt:InitialGuess>
		</opt:IntervalStartTime>
		<opt:IntervalFinalTime>
			<opt:Value>50.0</opt:Value>
			<opt:Free>false</opt:Free>
			<opt:InitialGuess>1.0</opt:InitialGuess>
		</opt:IntervalFinalTime>
		<opt:TimePoints>
			<opt:Index>0</opt:Index>
			<opt:Value>50.0</opt:Value>
		</opt:TimePoints>
		<opt:Constraints>
		</opt:Constraints>
	</opt:Optimization>
	
	<fun:FunctionsList>
	</fun:FunctionsList>

</fmiExtendedModelDescription>