<fmiExtendedModelDescription xmlns:exp="https://svn.jmodelica.org/trunk/XML/daeExpressions.xsd" xmlns:equ="https://svn.jmodelica.org/trunk/XML/daeEquations.xsd" xmlns:fun="https://svn.jmodelica.org/trunk/XML/daeFunctions.xsd" xmlns:opt="https://svn.jmodelica.org/trunk/XML/daeOptimization.xsd" xmlns:xsi="http://www.w3.org/2001/XMLSchema-instance" 
fmiVersion="1.0" modelName="VDP_pack.VDP_Opt" modelIdentifier="VDP_pack_VDP_Opt" guid="unsupported" generationDateAndTime="2010-10-26T00:55:01" variableNamingConvention="flat" numberOfContinuousStates="3" numberOfEventIndicators="0">
	
	
	
	<VendorAnnotations>
		<Tool name="JModelica">
		</Tool>
	</VendorAnnotations>	
	<ModelVariables>
		<ScalarVariable name="p1" valueReference="0" variability="parameter" causality="internal" alias="noAlias">
			<Real relativeQuantity="false" start="0.0" />
			<QualifiedName>
				<exp:QualifiedNamePart name="p1"/>
			</QualifiedName>
		</ScalarVariable>
		<ScalarVariable name="cost" valueReference="8" variability="continuous" causality="internal" alias="noAlias">
			<Real relativeQuantity="false" start="0.0" />
			<QualifiedName>
				<exp:QualifiedNamePart name="cost"/>
			</QualifiedName>
		</ScalarVariable>
		<ScalarVariable name="x1_0" valueReference="1" variability="parameter" causality="internal" alias="noAlias">
			<Real relativeQuantity="false" start="0.0" />
			<QualifiedName>
				<exp:QualifiedNamePart name="x1_0"/>
			</QualifiedName>
		</ScalarVariable>
		<ScalarVariable name="x2_0" valueReference="2" variability="parameter" causality="internal" alias="noAlias">
			<Real relativeQuantity="false" start="0.0" />
			<QualifiedName>
				<exp:QualifiedNamePart name="x2_0"/>
			</QualifiedName>
		</ScalarVariable>
		<ScalarVariable name="x1" valueReference="9" variability="continuous" causality="internal" alias="noAlias">
			<Real relativeQuantity="false" start="0.0" />
			<QualifiedName>
				<exp:QualifiedNamePart name="x1"/>
			</QualifiedName>
		</ScalarVariable>
		<ScalarVariable name="x2" valueReference="10" variability="continuous" causality="internal" alias="noAlias">
			<Real relativeQuantity="false" start="1.0" />
			<QualifiedName>
				<exp:QualifiedNamePart name="x2"/>
			</QualifiedName>
		</ScalarVariable>
		<ScalarVariable name="u" valueReference="11" variability="continuous" causality="input" alias="noAlias">
			<Real relativeQuantity="false" start="0.0" />
			<QualifiedName>
				<exp:QualifiedNamePart name="u"/>
			</QualifiedName>
		</ScalarVariable>
		<ScalarVariable name="startTime" valueReference="3" variability="parameter" causality="internal" alias="noAlias">
			<Real relativeQuantity="false" start="0.0" />
			<QualifiedName>
				<exp:QualifiedNamePart name="startTime"/>
			</QualifiedName>
		</ScalarVariable>
		<ScalarVariable name="finalTime" valueReference="4" variability="parameter" causality="internal" alias="noAlias">
			<Real relativeQuantity="false" start="0.0" />
			<QualifiedName>
				<exp:QualifiedNamePart name="finalTime"/>
			</QualifiedName>
		</ScalarVariable>
		<ScalarVariable name="der(cost)" valueReference="5" variability="continuous" causality="internal" alias="noAlias">
			<Real relativeQuantity="false" start="0.0" />
			<QualifiedName>
				<exp:QualifiedNamePart name="cost"/>
			</QualifiedName>
		</ScalarVariable>
		<ScalarVariable name="der(x1)" valueReference="6" variability="continuous" causality="internal" alias="noAlias">
			<Real relativeQuantity="false" start="0.0" />
			<QualifiedName>
				<exp:QualifiedNamePart name="x1"/>
			</QualifiedName>
		</ScalarVariable>
		<ScalarVariable name="der(x2)" valueReference="7" variability="continuous" causality="internal" alias="noAlias">
			<Real relativeQuantity="false" start="0.0" />
			<QualifiedName>
				<exp:QualifiedNamePart name="x2"/>
			</QualifiedName>
		</ScalarVariable>
	</ModelVariables>
	
	<equ:BindingEquations>
		<equ:BindingEquation>
			<equ:Parameter>				<exp:QualifiedNamePart name="p1"/>
</equ:Parameter>
			<equ:BindingExp>
				<exp:IntegerLiteral>2</exp:IntegerLiteral>
			</equ:BindingExp>
		</equ:BindingEquation>
		<equ:BindingEquation>
			<equ:Parameter>				<exp:QualifiedNamePart name="x1_0"/>
</equ:Parameter>
			<equ:BindingExp>
				<exp:IntegerLiteral>0</exp:IntegerLiteral>
			</equ:BindingExp>
		</equ:BindingEquation>
		<equ:BindingEquation>
			<equ:Parameter>				<exp:QualifiedNamePart name="x2_0"/>
</equ:Parameter>
			<equ:BindingExp>
				<exp:IntegerLiteral>1</exp:IntegerLiteral>
			</equ:BindingExp>
		</equ:BindingEquation>
		<equ:BindingEquation>
			<equ:Parameter>				<exp:QualifiedNamePart name="startTime"/>
</equ:Parameter>
			<equ:BindingExp>
				<exp:IntegerLiteral>0</exp:IntegerLiteral>
			</equ:BindingExp>
		</equ:BindingEquation>
		<equ:BindingEquation>
			<equ:Parameter>				<exp:QualifiedNamePart name="finalTime"/>
</equ:Parameter>
			<equ:BindingExp>
				<exp:IntegerLiteral>20</exp:IntegerLiteral>
			</equ:BindingExp>
		</equ:BindingEquation>
	</equ:BindingEquations>

	<equ:DynamicEquations>
		<equ:Equation>
			<exp:Sub>
				<exp:Der>
					<exp:Identifier>
							<exp:QualifiedNamePart name="cost"/>
					</exp:Identifier>
				</exp:Der>
				<exp:Mul>
					<exp:Exp>
							<exp:Identifier>
									<exp:QualifiedNamePart name="p1"/>
							</exp:Identifier>
					</exp:Exp>
					<exp:Add>
						<exp:Add>
							<exp:Pow>
									<exp:Identifier>
											<exp:QualifiedNamePart name="x1"/>
									</exp:Identifier>
								<exp:IntegerLiteral>2</exp:IntegerLiteral>
							</exp:Pow>
							<exp:Pow>
									<exp:Identifier>
											<exp:QualifiedNamePart name="x2"/>
									</exp:Identifier>
								<exp:IntegerLiteral>2</exp:IntegerLiteral>
							</exp:Pow>
						</exp:Add>
						<exp:Pow>
								<exp:Identifier>
										<exp:QualifiedNamePart name="u"/>
								</exp:Identifier>
							<exp:IntegerLiteral>2</exp:IntegerLiteral>
						</exp:Pow>
					</exp:Add>
				</exp:Mul>
			</exp:Sub>
		</equ:Equation>
		<equ:Equation>
			<exp:Sub>
				<exp:Der>
					<exp:Identifier>
							<exp:QualifiedNamePart name="x1"/>
					</exp:Identifier>
				</exp:Der>
				<exp:Add>
					<exp:Sub>
						<exp:Mul>
							<exp:Sub>
								<exp:IntegerLiteral>1</exp:IntegerLiteral>
								<exp:Pow>
										<exp:Identifier>
												<exp:QualifiedNamePart name="x2"/>
										</exp:Identifier>
									<exp:IntegerLiteral>2</exp:IntegerLiteral>
								</exp:Pow>
							</exp:Sub>
								<exp:Identifier>
										<exp:QualifiedNamePart name="x1"/>
								</exp:Identifier>
						</exp:Mul>
							<exp:Identifier>
									<exp:QualifiedNamePart name="x2"/>
							</exp:Identifier>
					</exp:Sub>
						<exp:Identifier>
								<exp:QualifiedNamePart name="u"/>
						</exp:Identifier>
				</exp:Add>
			</exp:Sub>
		</equ:Equation>
		<equ:Equation>
			<exp:Sub>
				<exp:Der>
					<exp:Identifier>
							<exp:QualifiedNamePart name="x2"/>
					</exp:Identifier>
				</exp:Der>
					<exp:Identifier>
							<exp:QualifiedNamePart name="x1"/>
					</exp:Identifier>
			</exp:Sub>
		</equ:Equation>
	</equ:DynamicEquations>

	<equ:InitialEquations>
		<equ:Equation>
			<exp:Sub>
					<exp:Identifier>
							<exp:QualifiedNamePart name="cost"/>
					</exp:Identifier>
				<exp:IntegerLiteral>0</exp:IntegerLiteral>
			</exp:Sub>
		</equ:Equation>
		<equ:Equation>
			<exp:Sub>
					<exp:Identifier>
							<exp:QualifiedNamePart name="x1"/>
					</exp:Identifier>
					<exp:Identifier>
							<exp:QualifiedNamePart name="x1_0"/>
					</exp:Identifier>
			</exp:Sub>
		</equ:Equation>
		<equ:Equation>
			<exp:Sub>
					<exp:Identifier>
							<exp:QualifiedNamePart name="x2"/>
					</exp:Identifier>
					<exp:Identifier>
							<exp:QualifiedNamePart name="x2_0"/>
					</exp:Identifier>
			</exp:Sub>
		</equ:Equation>
	</equ:InitialEquations>

	<opt:Optimization static="false" >
		<opt:ObjectiveFunction>
			<exp:TimedVariable>
				<exp:Identifier>
						<exp:QualifiedNamePart name="cost"/>
				</exp:Identifier>
				<exp:Instant>20.0</exp:Instant>
			</exp:TimedVariable>
		</opt:ObjectiveFunction>
		<opt:IntegrandObjectiveFunction>
			<exp:StringLiteral>No integrand objective function</exp:StringLiteral>
		</opt:IntegrandObjectiveFunction>
		<opt:IntervalStartTime>
			<opt:Value>0.0</opt:Value>
			<opt:Free>false</opt:Free>
			<opt:InitialGuess>0.0</opt:InitialGuess>
		</opt:IntervalStartTime>
		<opt:IntervalFinalTime>
			<opt:Value>20.0</opt:Value>
			<opt:Free>false</opt:Free>
			<opt:InitialGuess>1.0</opt:InitialGuess>
		</opt:IntervalFinalTime>
		<opt:TimePoints>
			<opt:Index>0</opt:Index>
			<opt:Value>20.0</opt:Value>
		</opt:TimePoints>
		<opt:Constraints>
			<opt:ConstraintLeq>
					<exp:Identifier>
							<exp:QualifiedNamePart name="u"/>
					</exp:Identifier>
				<exp:RealLiteral>0.75</exp:RealLiteral>
			</opt:ConstraintLeq>
		</opt:Constraints>
	</opt:Optimization>
	
	<fun:FunctionsList>
	</fun:FunctionsList>

</fmiExtendedModelDescription>