<fmiExtendedModelDescription xmlns:exp="https://svn.jmodelica.org/trunk/XML/daeExpressions.xsd" xmlns:equ="https://svn.jmodelica.org/trunk/XML/daeEquations.xsd" xmlns:fun="https://svn.jmodelica.org/trunk/XML/daeFunctions.xsd" xmlns:opt="https://svn.jmodelica.org/trunk/XML/daeOptimization.xsd" xmlns:xsi="http://www.w3.org/2001/XMLSchema-instance" 
fmiVersion="1.0" modelName="VDP_pack.VDP" modelIdentifier="VDP_pack_VDP" guid="unsupported" generationDateAndTime="2010-10-26T00:46:19" variableNamingConvention="flat" numberOfContinuousStates="2" numberOfEventIndicators="0">
	
	
	
	<VendorAnnotations>
		<Tool name="JModelica">
		</Tool>
	</VendorAnnotations>	
	<ModelVariables>
		<ScalarVariable name="x1_0" valueReference="0" variability="parameter" causality="internal" alias="noAlias">
			<Real relativeQuantity="false" start="0.0" />
			<QualifiedName>
				<exp:QualifiedNamePart name="x1_0"/>
			</QualifiedName>
		</ScalarVariable>
		<ScalarVariable name="x2_0" valueReference="1" variability="parameter" causality="internal" alias="noAlias">
			<Real relativeQuantity="false" start="0.0" />
			<QualifiedName>
				<exp:QualifiedNamePart name="x2_0"/>
			</QualifiedName>
		</ScalarVariable>
		<ScalarVariable name="x1" valueReference="4" variability="continuous" causality="internal" alias="noAlias">
			<Real relativeQuantity="false" start="0.0" />
			<QualifiedName>
				<exp:QualifiedNamePart name="x1"/>
			</QualifiedName>
		</ScalarVariable>
		<ScalarVariable name="x2" valueReference="5" variability="continuous" causality="internal" alias="noAlias">
			<Real relativeQuantity="false" start="1.0" />
			<QualifiedName>
				<exp:QualifiedNamePart name="x2"/>
			</QualifiedName>
		</ScalarVariable>
		<ScalarVariable name="u" valueReference="6" variability="continuous" causality="input" alias="noAlias">
			<Real relativeQuantity="false" start="0.0" />
			<QualifiedName>
				<exp:QualifiedNamePart name="u"/>
			</QualifiedName>
		</ScalarVariable>
		<ScalarVariable name="der(x1)" valueReference="2" variability="continuous" causality="internal" alias="noAlias">
			<Real relativeQuantity="false" start="0.0" />
			<QualifiedName>
				<exp:QualifiedNamePart name="x1"/>
			</QualifiedName>
		</ScalarVariable>
		<ScalarVariable name="der(x2)" valueReference="3" variability="continuous" causality="internal" alias="noAlias">
			<Real relativeQuantity="false" start="0.0" />
			<QualifiedName>
				<exp:QualifiedNamePart name="x2"/>
			</QualifiedName>
		</ScalarVariable>
	</ModelVariables>
	
	<equ:BindingEquations>
		<equ:BindingEquation>
			<equ:Parameter>				<exp:QualifiedNamePart name="x1_0"/>
</equ:Parameter>
			<equ:BindingExp>
				<exp:IntegerLiteral>0</exp:IntegerLiteral>
			</equ:BindingExp>
		</equ:BindingEquation>
		<equ:BindingEquation>
			<equ:Parameter>				<exp:QualifiedNamePart name="x2_0"/>
</equ:Parameter>
			<equ:BindingExp>
				<exp:IntegerLiteral>1</exp:IntegerLiteral>
			</equ:BindingExp>
		</equ:BindingEquation>
	</equ:BindingEquations>

	<equ:DynamicEquations>
		<equ:Equation>
			<exp:Sub>
				<exp:Der>
					<exp:Identifier>
							<exp:QualifiedNamePart name="x1"/>
					</exp:Identifier>
				</exp:Der>
				<exp:Add>
					<exp:Sub>
						<exp:Mul>
							<exp:Sub>
								<exp:IntegerLiteral>1</exp:IntegerLiteral>
								<exp:Pow>
										<exp:Identifier>
												<exp:QualifiedNamePart name="x2"/>
										</exp:Identifier>
									<exp:IntegerLiteral>2</exp:IntegerLiteral>
								</exp:Pow>
							</exp:Sub>
								<exp:Identifier>
										<exp:QualifiedNamePart name="x1"/>
								</exp:Identifier>
						</exp:Mul>
							<exp:Identifier>
									<exp:QualifiedNamePart name="x2"/>
							</exp:Identifier>
					</exp:Sub>
						<exp:Identifier>
								<exp:QualifiedNamePart name="u"/>
						</exp:Identifier>
				</exp:Add>
			</exp:Sub>
		</equ:Equation>
		<equ:Equation>
			<exp:Sub>
				<exp:Der>
					<exp:Identifier>
							<exp:QualifiedNamePart name="x2"/>
					</exp:Identifier>
				</exp:Der>
					<exp:Identifier>
							<exp:QualifiedNamePart name="x1"/>
					</exp:Identifier>
			</exp:Sub>
		</equ:Equation>
	</equ:DynamicEquations>

	<equ:InitialEquations>
		<equ:Equation>
			<exp:Sub>
					<exp:Identifier>
							<exp:QualifiedNamePart name="x1"/>
					</exp:Identifier>
					<exp:Identifier>
							<exp:QualifiedNamePart name="x1_0"/>
					</exp:Identifier>
			</exp:Sub>
		</equ:Equation>
		<equ:Equation>
			<exp:Sub>
					<exp:Identifier>
							<exp:QualifiedNamePart name="x2"/>
					</exp:Identifier>
					<exp:Identifier>
							<exp:QualifiedNamePart name="x2_0"/>
					</exp:Identifier>
			</exp:Sub>
		</equ:Equation>
	</equ:InitialEquations>

		
	<fun:FunctionsList>
	</fun:FunctionsList>

</fmiExtendedModelDescription>